1,41.9802496106877,115.646252228624,2010-06-24,2010-07-21
2,-29.9088672449642,-81.7316270574434,2011-01-29,2011-02-12
3,7.33047430108829,70.7606879703868,2010-07-11,2010-07-18
4,51.2963202243005,-73.1364566105408,2010-07-06,2010-07-20
5,-16.2627605984573,139.892004877357,2011-03-17,2011-04-06
6,21.517618423866,59.6765351729022,2011-03-04,2011-03-27
7,-17.2889531062878,-163.291927322107,2011-04-14,2011-04-29
8,32.3482356427556,20.8472220507584,2010-07-09,2010-07-26
9,53.397789887596,-146.447737926963,2010-08-18,2010-09-09
10,-27.0697310245113,152.357566556014,2010-12-24,2011-01-20
11,51.7607088166805,-13.6988530899929,2010-04-24,2010-05-17
12,33.9886922344957,-145.961016460724,2010-09-26,2010-10-01
13,7.83744247594407,-1.10841151813855,2010-04-21,2010-04-25
14,-23.5900772076889,136.927270656574,2011-03-24,2011-04-06
15,-7.36495634442018,-58.8203460481296,2011-03-05,2011-03-22
16,41.5429386514888,6.03512187931318,2010-09-04,2010-09-28
17,27.0565327946506,-5.64919437785298,2011-03-11,2011-03-13
18,-16.0235809773494,-97.7793190099316,2010-11-05,2010-11-23
19,-20.8100789287472,-16.6226372949125,2010-10-16,2010-10-26
20,-25.34815302125,134.987974004592,2010-08-17,2010-08-31
21,42.5215168716344,-179.210765295709,2010-11-03,2010-11-07
22,21.0935992105098,52.0914155772614,2010-10-17,2010-11-10
23,-6.04165982329804,95.1444160359264,2011-03-21,2011-03-31
24,2.15117570893004,-11.7426518986414,2011-01-26,2011-01-31
25,-14.1000857878453,-117.544465574666,2011-04-11,2011-05-05
26,28.7322161384245,-107.343249871587,2010-06-30,2010-07-25
27,-21.8089248224256,58.0521852153749,2010-11-17,2010-11-23
28,32.385950033098,-130.603531755226,2011-02-19,2011-03-06
29,29.9101954843548,-159.545558215988,2010-08-19,2010-09-14
30,30.6596876305619,153.156657291546,2010-12-08,2010-12-31
31,-17.2885958248038,-136.556674100262,2010-06-27,2010-07-14
32,37.5378700312167,33.8984702468134,2010-12-05,2010-12-29
33,20.4770630106021,-125.267542058912,2010-06-15,2010-07-09
34,22.962078510008,-163.022713219899,2010-11-20,2010-11-25
35,58.3485356283472,129.181396014789,2010-11-23,2010-12-15
36,-19.8465023878062,131.729154317115,2011-01-26,2011-01-30
37,30.5220923816753,39.0166540194575,2010-10-11,2010-10-29
38,-9.21401824159209,-153.867923697558,2010-05-26,2010-06-21
39,-29.2801448331222,71.0082168165806,2010-08-08,2010-08-19
40,25.8983583078898,82.0352061207084,2011-03-23,2011-04-07
41,-28.6710040232216,28.7999283393569,2011-04-02,2011-04-26
42,48.7485281686544,110.012055666458,2010-12-10,2011-01-04
43,5.25312721618118,-139.956299668157,2010-05-10,2010-06-01
44,48.601012376284,-44.1827871496886,2010-06-30,2010-07-24
45,-13.4522022176486,-50.4698302960411,2010-08-12,2010-08-30
46,4.83417711105494,-166.621367970589,2011-02-13,2011-02-20
47,-19.3684536265304,-72.2822113283515,2010-05-26,2010-06-02
48,21.7242963632651,-137.877432367274,2010-05-15,2010-06-02
49,18.25725359577,91.4506783112399,2010-06-08,2010-07-05
50,-22.9664800157027,-175.072522309808,2010-09-20,2010-10-02
51,43.1182010645322,114.443370618292,2010-05-06,2010-05-28
52,51.1944907772413,116.031124704145,2010-12-04,2010-12-15
53,51.1399972164894,150.334486645455,2011-03-11,2011-04-07
54,40.4426259979876,-16.281280236631,2011-01-02,2011-01-06
55,-4.3597953108305,-174.878481086545,2010-11-01,2010-11-18
56,-0.9431571365377,78.5855892564652,2010-07-28,2010-08-08
57,35.8123140349961,8.84535462898114,2010-09-25,2010-10-04
58,25.6236057830827,75.5399852813808,2010-07-12,2010-07-31
59,58.8395713847941,98.7885996707029,2011-01-06,2011-01-28
60,15.8924476441363,56.6839563473022,2010-10-29,2010-11-16
61,40.0370508387537,61.5260956636143,2010-07-27,2010-08-04
62,6.61745263286073,58.8456823901153,2011-03-16,2011-04-08
63,-14.195994195856,-135.000014178642,2011-01-18,2011-02-03
64,50.1368058940185,-105.635190372662,2011-01-31,2011-02-26
65,9.45006302776514,83.5685149874894,2011-01-05,2011-01-19
66,11.1924199734766,-172.863963716345,2010-06-13,2010-06-14
67,-8.1143376690232,-117.611112425878,2011-01-21,2011-02-12
68,59.4180552310057,124.736047659895,2010-12-01,2010-12-24
69,10.4392677981604,165.387540267828,2011-04-01,2011-04-15
70,7.81118992446552,139.264555627968,2010-10-04,2010-10-12
71,24.7789632826177,-128.877328924269,2010-12-25,2010-12-27
72,25.2511738689513,-17.9145503295455,2010-05-15,2010-05-16
73,12.6224333377811,108.521582621991,2010-11-01,2010-11-01
74,31.5334009504966,53.4087420067404,2010-07-31,2010-08-12
75,6.76974858556071,127.129518248403,2010-12-19,2011-01-02
76,30.0919513443834,-156.809384623805,2010-10-06,2010-10-12
77,-14.8112502650425,59.5008860720909,2010-08-05,2010-08-28
78,37.7583614036473,112.109579703143,2010-08-05,2010-08-29
79,30.5176719088403,106.297732378939,2011-03-21,2011-03-26
80,20.0846557773618,-77.1933433309171,2010-07-23,2010-08-18
81,-3.53660422013433,22.1218582163589,2011-01-08,2011-02-04
82,-9.19997406242167,-155.856288214705,2010-12-20,2011-01-01
83,2.65587003143675,-114.312499801451,2010-08-21,2010-08-26
84,-3.11330065410074,66.3929532981928,2010-12-22,2011-01-03
85,43.7174794007442,-137.387090023315,2010-05-13,2010-05-31
86,32.0970569615489,100.489795588526,2011-02-28,2011-03-06
87,-25.9388714776162,-80.3694392366978,2011-03-23,2011-04-15
88,-22.1028862096485,-77.9303829727678,2011-01-08,2011-02-03
89,37.1194513360295,148.016491812737,2011-03-20,2011-03-30
90,46.730503781486,-35.228920419923,2010-07-17,2010-08-07
91,-4.52016482813491,-26.7711007334855,2010-11-20,2010-12-06
92,-19.3946075112887,38.2783742779189,2010-07-27,2010-08-17
93,6.71490283149991,9.96520402209435,2010-11-18,2010-12-06
94,-24.4437951235959,-52.3953612659266,2011-03-31,2011-04-19
95,22.9780018519279,1.19523540971369,2011-04-07,2011-05-02
96,18.2004814672255,172.289700792207,2010-07-04,2010-07-20
97,-1.12063967236602,8.61909925391799,2011-03-07,2011-03-26
98,54.0694648732041,-164.200360041337,2011-04-12,2011-04-30
99,-27.5906517813338,48.8327365371743,2010-09-15,2010-10-08
100,48.9192034034844,176.810501934517,2010-05-29,2010-06-16
101,-5.09363457988918,-18.3538232245167,2010-09-19,2010-10-03
102,43.6647702553847,98.0943373827833,2010-07-14,2010-07-17
103,8.67804930073527,-154.378101666889,2010-04-22,2010-05-04
104,39.8969126516885,131.407908826467,2010-07-07,2010-07-22
105,10.2078996299157,18.8030741806767,2010-11-09,2010-11-12
106,-23.1807015587307,-101.845406373873,2010-09-12,2010-10-03
107,38.6273112864503,-8.04035020866783,2010-07-09,2010-07-17
108,15.9064389536126,128.226377489671,2010-11-22,2010-12-03
109,42.066491817515,25.4183572233819,2010-07-21,2010-08-17
110,-27.3205050724923,75.998532110996,2010-05-27,2010-06-17
111,-29.2916490590269,-17.816459362533,2010-11-29,2010-12-01
112,10.6045993150548,46.9373573776516,2010-05-01,2010-05-07
113,-4.838975594004,135.86957931795,2010-04-24,2010-05-06
114,52.4089937499623,153.260276098909,2010-12-30,2011-01-27
115,34.717189866946,32.0723603772862,2010-06-22,2010-07-21
116,31.9488321454803,-5.05754135648982,2010-10-04,2010-10-24
117,52.7362553067572,112.007933512077,2010-06-29,2010-07-18
118,-14.7333070400103,-43.8005617141749,2010-12-23,2011-01-18
119,28.0491326770265,0.260680005216841,2010-12-28,2011-01-04
120,36.5882886573771,76.158447156616,2011-01-26,2011-01-28
121,59.1486857423063,-173.688817227031,2011-02-21,2011-03-06
122,-0.687291940783098,80.5453275723755,2010-12-06,2010-12-29
123,6.30372878996413,-155.438635185212,2010-09-11,2010-09-30
124,-18.772939087247,149.735116055065,2010-06-30,2010-07-29
125,-11.207898699235,65.7862401809165,2010-04-21,2010-05-18
126,-3.05914979235599,-69.87711943389,2011-03-27,2011-04-23
127,-14.4688831569868,32.0077710441078,2010-12-30,2011-01-12
128,59.2018343958517,99.0047372540267,2010-06-26,2010-07-19
129,25.5102004959069,-17.4352600040498,2011-01-14,2011-02-04
130,3.41428119339257,-12.8591743950324,2010-12-11,2010-12-29
131,2.39628318609545,-101.129809444221,2011-01-12,2011-02-08
132,42.4998955517387,106.909380038473,2011-01-02,2011-01-24
133,3.7484940684909,148.666912339423,2010-07-16,2010-07-21
134,-24.607539481519,-16.8272679768083,2010-05-29,2010-06-04
135,-19.4339588869004,158.450971568008,2010-08-26,2010-09-07
136,40.4454965069885,-175.474026613552,2011-02-18,2011-02-25
137,34.4569720470188,-70.3490082843402,2011-02-22,2011-03-10
138,-11.7598836645418,-157.101490285813,2011-01-18,2011-02-08
139,1.34078054337703,114.834041088143,2010-10-05,2010-10-13
140,-9.05249498666978,68.2867506715195,2010-07-21,2010-08-14
141,16.0900900436055,-112.645109750825,2011-04-07,2011-05-05
142,-19.0478451678951,-94.6132012736768,2010-12-04,2010-12-16
143,49.7120998169817,142.308000408048,2010-06-13,2010-07-01
144,57.8901479814832,-104.627642423757,2011-01-22,2011-01-30
145,54.8012348581588,111.427550222738,2011-01-25,2011-02-12
146,6.28226433219156,121.323536212401,2010-10-01,2010-10-19
147,56.032351160963,-57.4721379979683,2010-09-18,2010-09-21
148,0.356214286749271,-102.290675207098,2010-09-21,2010-10-12
149,8.29150987978891,115.601812449534,2010-10-14,2010-10-25
150,-27.9975644781128,-96.3361866531238,2010-12-06,2010-12-12
151,25.6655186109059,-3.94398120861229,2011-03-17,2011-04-13
152,24.9797174148906,-81.057444212012,2010-10-28,2010-11-09
153,36.2674797097303,141.198874781378,2010-10-29,2010-11-16
154,18.2039395330636,164.623202331487,2010-10-06,2010-10-06
155,13.5597823023095,116.601296898632,2010-10-11,2010-11-05
156,-0.106917969973345,-101.178582967808,2010-11-17,2010-11-28
157,-8.02401275389785,7.55970162946568,2010-09-05,2010-09-21
158,31.7738489074428,-76.9210193206192,2011-03-14,2011-03-25
159,26.9828077460727,48.8661347141325,2011-04-13,2011-04-13
160,56.5254845482403,-83.4317089832021,2010-09-04,2010-09-17
161,27.8797923875263,-8.75221962530017,2010-08-04,2010-08-22
162,-14.1600236076672,24.6524029677706,2010-07-20,2010-07-29
163,46.5532625104266,-126.720765870566,2010-11-21,2010-11-28
164,-4.37204351520985,56.8880701178276,2010-05-28,2010-06-07
165,-22.8685056366102,123.374844487732,2011-02-27,2011-03-01
166,-2.99231869577786,-53.4795496007503,2011-04-12,2011-04-26
167,-0.27956087662718,66.4435506155494,2011-02-08,2011-02-23
168,30.6576796916875,64.9298764473103,2011-03-24,2011-04-08
169,-28.671437521744,-75.9610228741648,2011-03-11,2011-03-29
170,-2.43236476043165,177.857153173394,2011-03-21,2011-04-11
171,-13.7742457131935,-91.8964921072006,2010-05-30,2010-06-14
172,-14.9444115075996,-133.80037625377,2010-04-26,2010-05-11
173,-26.9869334088219,-120.085859715373,2010-12-19,2011-01-01
174,29.37503988579,-54.5468725362688,2010-09-05,2010-09-30
175,0.387913330579437,-92.2179242012719,2010-11-13,2010-11-28
176,41.8007260009125,-41.7542858958305,2011-03-29,2011-04-12
177,-4.98652594148828,-175.117702304531,2010-12-15,2011-01-11
178,-23.8988742036994,-175.541413614112,2010-10-06,2010-10-28
179,-0.139921301826657,-100.918637228558,2010-08-14,2010-08-16
180,45.2292542142721,92.2285055358356,2011-01-18,2011-01-25
181,40.4554451769407,-152.936279284862,2010-05-20,2010-06-16
182,29.4845033913641,-57.6197203603746,2010-04-20,2010-05-16
183,13.68323918304,-169.14864522072,2010-05-21,2010-05-23
184,-7.15150501594119,60.4172426834517,2010-05-22,2010-05-28
185,42.362023035804,-68.4599359463106,2010-06-19,2010-07-10
186,57.8294301704735,-119.745793179538,2010-06-27,2010-07-02
187,11.3348921640927,135.410066159609,2010-05-10,2010-05-13
188,37.905329560836,99.1065276391677,2010-11-04,2010-11-25
189,59.6074578955082,28.3712549786915,2010-07-15,2010-07-19
190,2.35326493949078,84.6146173109782,2010-10-08,2010-11-06
191,7.93680626593086,-79.5155019879127,2011-04-09,2011-04-21
192,20.4910129715977,-58.955312569021,2010-06-07,2010-07-03
193,47.4690492585224,-113.290447888258,2011-03-21,2011-04-07
194,0.23789580033003,-71.6479217420631,2010-05-09,2010-05-12
195,23.3569131847812,164.53212726663,2011-01-03,2011-01-12
196,-10.4034324261516,43.4160149998982,2010-11-04,2010-11-24
197,-14.3940945869996,150.452421565866,2010-12-11,2010-12-25
198,43.6459574156177,125.134291993465,2010-10-27,2010-10-30
199,-8.84029303804249,-38.4313101871862,2010-12-13,2010-12-21
200,8.20095890090465,-36.9592164295788,2010-11-02,2010-11-25
201,21.7094883219453,24.7366116560795,2011-01-17,2011-02-06
202,14.065502327187,-0.817429991713965,2011-03-11,2011-03-15
203,-16.369472171536,70.690614563626,2010-11-06,2010-11-15
204,30.9486403961077,38.3977460834774,2010-08-18,2010-09-05
205,-17.9254809470529,-65.0241322896175,2011-03-21,2011-04-07
206,11.8489397736029,0.278975257398855,2010-07-17,2010-07-29
207,47.7762696407311,109.182383143737,2011-01-01,2011-01-14
208,11.4172266932121,-131.058586019805,2011-02-09,2011-02-13
209,58.7729797336533,-149.646304217169,2010-12-05,2010-12-22
210,-29.3194405533886,83.5606687923299,2010-12-01,2010-12-20
211,-2.81397111421245,48.4347583911914,2010-12-07,2011-01-03
212,17.0991372859347,56.6867635050415,2010-05-21,2010-05-29
213,-26.3095369454799,57.696179741038,2010-08-22,2010-09-02
214,-15.8004612102709,90.9293191315578,2010-09-16,2010-10-11
215,38.8783124038466,79.6186361016569,2010-08-30,2010-09-22
216,46.5835925081591,-106.937106545198,2010-08-09,2010-08-09
217,5.7186016456784,131.641092949766,2010-07-15,2010-08-10
218,-18.8613666236938,-37.6669225113374,2010-09-26,2010-09-28
219,46.0342357719373,93.1726040124814,2010-08-03,2010-08-28
220,13.0038752105424,-177.741945512855,2011-03-16,2011-03-25
221,0.921251186663131,-156.08928220201,2010-05-22,2010-05-22
222,-20.4921129051949,52.8610196902069,2010-04-28,2010-05-14
223,-15.9612141192055,88.8548291078266,2011-03-09,2011-03-30
224,42.069702658264,156.712037537085,2010-11-17,2010-11-22
225,22.025115045389,-106.93089289019,2010-11-19,2010-12-04
226,47.4071409328562,-172.266230287248,2010-08-26,2010-08-29
227,49.4267196638239,-3.7918740557555,2010-11-07,2010-11-23
228,5.1882812878851,58.8171241843243,2011-01-03,2011-01-16
229,-29.0554856168993,-55.7109864600573,2011-03-11,2011-04-09
230,-23.8488761512268,-74.9744346656895,2010-12-20,2010-12-29
231,-25.1775358590461,122.27661190329,2011-02-13,2011-03-06
232,9.26763704337584,10.9892187196115,2010-10-11,2010-10-29
233,14.8134713292734,52.7186992536241,2010-10-17,2010-11-01
234,10.9028595735671,-57.0761638872787,2011-02-26,2011-03-02
235,27.5586980939377,-172.135165050457,2010-12-11,2010-12-17
236,-29.4923058625105,8.68601741102276,2011-04-07,2011-04-24
237,34.5664659881371,74.5122914233661,2010-11-25,2010-11-28
238,-24.4490455700495,178.119205025096,2011-04-05,2011-04-27
239,30.4042697072557,-2.24731562244179,2010-10-06,2010-10-15
240,20.7565669863863,-76.3613991744917,2011-02-05,2011-02-25
241,19.994982772145,65.3522413782194,2010-04-28,2010-05-21
242,52.268167238323,76.1253011448252,2010-09-17,2010-10-14
243,48.0000172399483,67.4491673129697,2010-08-12,2010-09-05
244,40.865257084842,114.549236508791,2010-08-08,2010-08-20
245,42.2619104058551,107.099031080896,2010-08-04,2010-08-30
246,-16.9863513866693,-1.07468998668492,2010-09-30,2010-10-03
247,42.4646707347082,179.434920274415,2010-08-31,2010-09-19
248,-29.8435171421716,64.5774079744091,2010-08-01,2010-08-26
249,53.4481376368768,106.642213236219,2010-06-29,2010-07-08
250,36.359154387739,157.597517303055,2010-09-20,2010-10-13
251,20.2529146303204,-25.2564362002809,2010-10-26,2010-11-07
252,-27.4235917855013,-166.472782140501,2010-08-28,2010-09-12
253,-8.06058973989575,-36.4518732845133,2010-07-06,2010-07-15
254,34.4501563339977,-70.2017390953098,2010-12-25,2011-01-15
255,38.9891929305001,170.619809153093,2010-09-23,2010-10-17
256,22.3756836987879,-47.7988323667919,2010-05-08,2010-05-09
257,28.8729384749428,-77.4028470675377,2010-12-22,2011-01-15
258,16.2510164697577,-178.208068827513,2010-05-12,2010-06-09
259,-23.6408599622099,-40.658588569409,2010-08-22,2010-08-22
260,-3.9780927731925,-134.624059309111,2011-02-17,2011-03-14
261,53.0412410935377,145.370162476143,2011-01-21,2011-02-18
262,35.7836804802493,42.9010277258393,2010-08-06,2010-08-24
263,52.4075484580803,-35.4925095792601,2010-04-28,2010-05-22
264,13.2050602150979,-32.4194496536007,2010-08-28,2010-09-23
265,-22.8646756746049,-64.8221516528595,2011-02-12,2011-03-04
266,53.6095816132868,46.2620297541244,2010-10-15,2010-10-27
267,-27.1834112208717,75.8004316276544,2011-01-17,2011-02-05
268,-0.96835706617723,-36.4969128291413,2010-09-29,2010-10-03
269,28.0934367184575,4.6382600359845,2011-03-25,2011-03-25
270,14.4785470978683,120.017173791899,2010-11-23,2010-12-03
271,-8.94087577723853,121.061448000451,2010-04-24,2010-05-16
272,8.88548230048951,137.828494227079,2010-10-04,2010-10-18
273,-16.8221685718744,-127.05082838414,2011-02-09,2011-02-11
274,37.8910869763838,-146.302173484573,2010-05-30,2010-06-08
275,-19.5680770625074,-119.144386108834,2011-03-28,2011-04-10
276,43.1525654575528,-6.09665960506541,2010-08-08,2010-08-25
277,29.9383464928009,124.057358731852,2010-05-06,2010-05-11
278,-8.73589118037251,79.8985429845944,2010-08-17,2010-08-22
279,42.115879810735,-108.928825920148,2011-03-29,2011-04-09
280,22.7217143974199,64.4476726126605,2010-09-22,2010-10-07
281,2.52877052938828,-77.2232874187559,2011-01-07,2011-01-11
282,32.3930947464686,-109.972917498393,2011-02-23,2011-03-08
283,-12.0052928164568,-50.9716432635581,2010-10-05,2010-10-14
284,40.9896100754107,-139.034203651738,2010-07-08,2010-07-21
285,6.72148940043485,-81.7913316476758,2010-09-14,2010-10-12
286,-6.40284931012888,133.152697654085,2011-04-12,2011-04-17
287,48.977233179025,-127.44782951442,2010-07-15,2010-07-25
288,-13.0226341928785,-130.63096310053,2011-03-25,2011-04-06
289,-3.25028595110998,132.098645815894,2010-05-15,2010-05-18
290,-11.0372672478761,-72.3843344576661,2010-07-14,2010-07-16
291,1.0864149438836,82.6205061938234,2010-12-12,2010-12-15
292,21.7703430150507,-172.508710478947,2010-05-17,2010-05-18
293,46.3129366576169,-35.3946320452908,2010-05-29,2010-06-01
294,54.1974495667887,-174.414138003077,2011-02-14,2011-03-09
295,-25.8255567171681,-72.4875886446058,2010-11-18,2010-11-24
296,-17.9538568893801,-75.6872801579174,2011-01-16,2011-02-05
297,48.5047487422406,-138.148546060492,2011-01-13,2011-01-28
298,-17.8449745682986,129.686455313309,2011-01-17,2011-01-30
299,18.8159141773136,-176.665576463322,2011-02-09,2011-02-18
300,-23.1963653624342,20.1902977026805,2011-02-02,2011-02-18
301,-10.2148147391359,-116.297398274742,2010-11-17,2010-11-28
302,56.1579793091928,-155.335531431896,2010-10-09,2010-10-21
303,12.7567777547168,-105.910192028769,2010-06-25,2010-07-06
304,-4.32008572730589,125.116325437202,2010-09-01,2010-09-08
305,32.9968990524318,-171.677333844897,2010-12-18,2010-12-21
306,5.38803717150099,9.13666838512006,2011-02-13,2011-02-13
307,-20.0168256194093,55.4263352985986,2010-05-03,2010-05-06
308,24.1625332804549,143.421098133608,2010-08-23,2010-08-24
309,-25.4379871980576,-14.4297649354935,2010-06-06,2010-06-10
310,35.7103130920163,-167.877305000573,2011-02-07,2011-02-14
311,-10.2035106279778,-175.94429964215,2010-07-11,2010-07-27
312,-21.7804735187681,-119.650054657596,2011-03-09,2011-03-09
313,-23.6716125506906,99.9372018376907,2010-11-25,2010-12-04
314,53.1894785088612,108.559026219297,2010-10-20,2010-11-13
315,-8.92541638793297,47.608840831615,2010-08-07,2010-08-07
316,-8.61114576132329,-91.0327079703962,2010-11-07,2010-12-03
317,57.9676275699625,145.474499030224,2011-04-10,2011-04-25
318,-7.88423241774448,-19.1128700852237,2010-10-29,2010-10-31
319,1.13420685301802,74.8275263739273,2010-05-12,2010-05-25
320,-18.8988588345266,-47.6071757119239,2010-10-14,2010-11-12
321,-12.5125250855047,14.1195262698479,2010-09-23,2010-09-26
322,27.7896870298168,-18.9264723154104,2011-02-27,2011-03-14
323,5.0407961941389,-84.8617550498311,2010-06-30,2010-07-08
324,11.2884984120399,-28.0691248416254,2011-02-11,2011-02-19
325,44.5139035750001,74.3029775132836,2010-11-14,2010-11-15
326,37.0872519763863,128.95127814245,2010-12-22,2011-01-08
327,-1.11885686465888,-171.957966180054,2010-12-03,2010-12-21
328,-19.2661353435549,-105.216719597635,2010-09-08,2010-10-03
329,0.674496602225762,-152.838375745384,2010-08-07,2010-08-12
330,37.9766801622845,-99.6847922016929,2010-06-12,2010-07-05
331,23.1820015555536,-17.6561794189338,2010-10-07,2010-10-15
332,53.489913685245,-163.505312627639,2010-11-01,2010-11-06
333,-10.5221359287443,-153.254446091075,2011-01-25,2011-01-26
334,51.5034071282055,-109.512732959293,2011-01-13,2011-01-24
335,32.2600932222761,-127.609448169697,2010-07-13,2010-08-02
336,26.820040749805,-38.7037738557313,2011-02-06,2011-02-10
337,-0.749439685260349,122.139433108713,2010-09-28,2010-10-05
338,-15.1224275236159,-165.675898966534,2010-10-10,2010-10-26
339,57.2221113972534,-66.466362003184,2010-12-01,2010-12-28
340,-8.78949535098555,117.736787045069,2010-10-12,2010-10-16
341,20.8897288097252,48.6519959814897,2010-06-28,2010-07-04
342,8.42240170651708,98.3982713818933,2011-01-08,2011-01-11
343,8.58299889044661,-151.130867011127,2010-11-08,2010-11-18
344,2.04294180156656,51.0684604271074,2010-11-16,2010-12-02
345,-19.8345582352553,-8.27842873106911,2010-10-08,2010-10-22
346,2.02242886233287,-53.2935018346949,2011-03-18,2011-03-20
347,-19.9892033592356,-15.2858037708503,2010-11-19,2010-12-05
348,1.56287655271409,-64.884115692788,2010-11-30,2010-12-02
349,-0.0461036309944625,-100.992501568873,2010-06-05,2010-06-21
350,-15.0532297861633,105.058524537218,2011-03-16,2011-04-05
351,-29.1302605296531,-65.8375544514169,2011-02-09,2011-02-21
352,15.7295867501351,32.4521368231738,2010-12-10,2011-01-01
353,53.0609603034084,128.124167559499,2011-04-04,2011-04-14
354,3.00192455310506,-38.6841781519914,2011-03-24,2011-04-11
355,-29.5364118961947,21.9411612747362,2010-04-21,2010-05-07
356,8.67380376473697,48.0996136196443,2010-12-22,2010-12-26
357,22.5182862302976,-155.737919314574,2011-03-18,2011-03-29
358,6.86239816274501,18.3311883347617,2010-10-25,2010-11-13
359,16.3227393651147,-75.6197008021197,2010-05-19,2010-06-15
360,21.1682545746224,166.07970244182,2010-05-18,2010-05-25
361,43.372386844017,-40.5457776377301,2010-12-29,2011-01-13
362,-15.0815825106793,167.540098696102,2010-09-17,2010-10-11
363,3.80231341593805,-80.3087329546867,2010-11-23,2010-11-30
364,57.0140483669289,-133.596811914234,2010-09-22,2010-10-08
365,48.385014544042,-177.722979386957,2010-04-27,2010-05-19
366,-19.1256356924986,-121.652595851668,2010-08-09,2010-09-01
367,21.2463167302353,-17.7919523368278,2010-10-20,2010-10-28
368,21.1378556874677,-98.157827032221,2010-12-25,2011-01-22
369,-29.0673206730347,-88.8899483992184,2010-10-22,2010-10-24
370,-13.624764243205,77.1102682041938,2011-03-13,2011-04-10
371,-14.7072578584978,115.311275363527,2010-05-02,2010-05-11
372,-4.44422768505063,-62.5969658225075,2010-04-27,2010-05-23
373,-17.3645188503521,115.002117465346,2010-06-30,2010-07-12
374,31.4584844079065,49.9630084587687,2011-03-28,2011-04-05
375,50.2659390347938,32.3724961220764,2010-10-18,2010-10-19
376,36.3891793468442,-139.450786135704,2010-08-30,2010-09-15
377,5.21735995842234,127.663872395267,2010-08-03,2010-09-01
378,-8.06770498475481,68.6780095771978,2010-11-18,2010-11-30
379,-29.8213286279865,-124.524288380255,2010-06-09,2010-06-28
380,55.5764382194407,-28.2768480604308,2010-12-06,2010-12-10
381,-25.258653610249,-168.84235025682,2011-03-27,2011-04-13
382,6.98473142813863,165.719113030507,2011-01-26,2011-01-28
383,6.94147227515801,85.2629608590299,2011-01-03,2011-01-24
384,20.8927616873428,15.3696215761389,2010-05-04,2010-05-20
385,-11.5894932519967,43.5970556875751,2011-01-11,2011-01-11
386,14.0486138584271,88.6126924492629,2010-07-01,2010-07-01
387,55.2282975433308,92.4050132630074,2010-08-21,2010-09-10
388,7.72816775875462,51.4461759185189,2010-09-26,2010-10-04
389,29.0746273240619,124.309177070402,2010-10-20,2010-11-01
390,-13.649059339062,35.7570210627754,2010-07-06,2010-07-30
391,52.228859364372,-48.5710928278826,2010-04-23,2010-05-18
392,-17.0877870524279,-20.4718021145966,2011-04-09,2011-04-24
393,53.4538337024103,17.5985685547357,2010-09-23,2010-10-10
394,26.3784903869968,43.8331759721478,2011-03-17,2011-04-03
395,-24.0067438542163,17.6098297991537,2010-08-09,2010-08-22
396,58.8742865362077,-108.254095672241,2010-12-26,2011-01-11
397,-19.3256488067744,54.6142552479922,2010-04-27,2010-05-16
398,44.6346806494587,-159.086005933893,2011-01-22,2011-02-02
399,4.06166660256197,0.136895140374321,2011-04-10,2011-04-26
400,12.2642754580069,134.515494365372,2010-09-14,2010-10-09
401,2.07658888915794,96.9609621290462,2010-05-06,2010-05-09
402,48.0936259407813,73.9839147745025,2011-02-04,2011-02-20
403,16.9421562724752,164.453051195225,2010-07-22,2010-08-18
404,-10.5126567035814,66.700923396423,2010-11-30,2010-12-05
405,-22.7426720929304,81.6574338876661,2011-02-28,2011-03-04
406,20.7994688341969,32.4281813053508,2011-04-06,2011-04-21
407,3.95200266713994,-135.47677520708,2010-11-21,2010-11-24
408,46.6924358186478,-111.147003854225,2010-12-25,2011-01-12
409,25.5140420750492,-146.970103672594,2010-11-11,2010-12-06
410,20.8149147064771,178.000073174647,2011-01-24,2011-02-19
411,-28.5307808337173,179.595589081326,2010-05-24,2010-05-31
412,24.8680701500019,-76.1067216525618,2010-12-11,2010-12-16
413,-22.3461595800946,40.9580817754963,2010-12-16,2010-12-22
414,10.8120316220155,135.107452484802,2010-08-08,2010-08-12
415,-5.70863281674192,-103.766372459763,2011-03-02,2011-03-18
416,18.1770499132464,-135.024265323044,2010-12-22,2010-12-29
417,57.9886615764887,135.57750182836,2010-10-27,2010-11-04
418,59.1066938426708,90.1929236460164,2010-11-18,2010-12-11
419,6.49138872917933,126.292927360833,2010-07-24,2010-08-01
420,0.0216547060655934,23.3245055266061,2010-07-11,2010-07-22
421,45.7759380703421,-18.2578880779764,2010-08-15,2010-09-07
422,40.8137378847542,-92.5995079119376,2011-02-16,2011-02-17
423,55.568007581503,176.133399519544,2010-06-29,2010-07-02
424,24.6528280809644,-64.4247051128648,2011-01-31,2011-01-31
425,-16.8612490346502,-18.8129865036056,2011-02-14,2011-02-22
426,32.1579519583181,-113.5393353332,2010-08-24,2010-09-17
427,-10.256902658453,122.828342491024,2010-05-20,2010-06-06
428,13.2611608331827,95.8291736641592,2010-12-14,2010-12-26
429,27.6535577618403,76.8706308778829,2010-12-04,2010-12-25
430,19.128226323724,137.558571221755,2011-02-04,2011-02-07
431,1.57041956749083,145.314477829054,2010-06-30,2010-07-22
432,19.1060824192401,173.101303260786,2011-03-04,2011-03-30
433,2.0710341011002,147.934514748883,2010-08-02,2010-08-17
434,38.4266726790118,-174.375128525442,2011-02-14,2011-03-12
435,19.2907735841058,15.6738458424728,2010-08-09,2010-08-27
436,25.9167266067499,120.876887749165,2011-01-12,2011-01-24
437,-13.0051727736414,-28.8854854821049,2010-08-30,2010-09-07
438,-4.3021091489005,-71.561677714565,2010-12-17,2010-12-30
439,38.3002931290933,139.967758720572,2010-07-05,2010-07-18
440,-19.8451513069204,24.5790655083337,2010-10-28,2010-11-11
441,-22.8674070730975,122.256856075676,2011-03-16,2011-03-16
442,28.6238534649575,-160.754474430943,2011-01-29,2011-02-23
443,46.1178118298476,-67.6856045423057,2011-01-03,2011-01-28
444,0.275204309180232,-152.178099620692,2010-07-14,2010-08-07
445,0.579580912367998,23.9458222184593,2010-12-16,2010-12-16
446,34.5661577234702,12.3145402903431,2010-06-21,2010-07-06
447,44.9474088200378,138.783975796717,2011-01-27,2011-02-04
448,9.96451985396236,27.5013919937228,2010-04-24,2010-05-08
449,23.7057358806538,-71.4503806161589,2010-08-20,2010-08-26
450,1.4015562525476,163.147950947639,2011-01-20,2011-01-30
451,36.7779843824507,31.6909551910892,2010-08-07,2010-08-30
452,32.1251681539435,133.59968732981,2010-08-05,2010-08-22
453,54.5524910135821,74.0868939037566,2010-07-31,2010-08-25
454,35.9431059734727,-118.098396439202,2010-06-11,2010-06-14
455,31.1349324524292,121.040027273951,2010-06-21,2010-07-10
456,-19.9253260458389,25.9012330614761,2010-08-03,2010-09-01
457,19.7012326315455,-16.8969689949505,2010-05-18,2010-05-28
458,3.06907112879349,-19.4510396664056,2010-05-27,2010-06-16
459,-7.06810915477678,5.75815906721783,2010-07-30,2010-08-13
460,7.37865967121243,-54.0462227866952,2011-02-02,2011-02-21
461,-15.181322755749,38.9925111702121,2010-10-21,2010-10-31
462,13.209232735253,-129.584726622941,2010-12-24,2011-01-04
463,-9.94421348457028,-90.9230685981463,2011-01-07,2011-02-03
464,-28.5243868740902,24.3143755020764,2010-06-23,2010-07-11
465,49.7196295841401,34.7714600804876,2011-03-05,2011-03-08
466,4.76350502892016,135.773742976212,2010-05-29,2010-06-09
467,25.2316053272177,101.138265925113,2010-12-29,2011-01-24
468,52.7484345949128,153.136903432506,2011-02-03,2011-02-20
469,54.7169462615203,-149.796440518424,2010-08-27,2010-09-18
470,-18.6890868183371,25.1592332645699,2010-06-05,2010-07-04
471,14.8339962284671,175.103248267255,2010-12-09,2010-12-15
472,27.4103357063317,168.058133875843,2011-01-29,2011-02-10
473,42.2607836032555,-70.7226374345653,2010-05-31,2010-06-19
474,-20.9872111675126,-143.734288130838,2010-08-15,2010-08-30
475,40.1870816132137,-122.218136840903,2010-12-08,2010-12-13
476,10.8503422846941,-172.727694817098,2011-02-16,2011-03-15
477,8.81986977439745,27.3723609248847,2010-09-07,2010-09-15
478,8.52215120051296,76.7248668562538,2011-02-20,2011-03-13
479,-17.0312600664226,154.504213700868,2011-04-08,2011-04-24
480,-5.36843537492371,-49.3781377153488,2011-02-05,2011-03-06
481,17.7885175237472,-31.3235708014757,2010-06-01,2010-06-21
482,52.3899070271409,58.1944090603013,2010-07-14,2010-07-17
483,1.96005314855774,-118.25310538178,2011-02-01,2011-02-06
484,40.1321739206222,-90.9432142931875,2010-09-03,2010-09-30
485,39.3590553223956,166.065860417857,2010-06-20,2010-06-25
486,-18.597094364361,163.51133267281,2010-07-28,2010-08-22
487,40.2410062924871,-32.6955384118841,2011-04-05,2011-04-21
488,18.8121196993142,105.796633273517,2010-08-27,2010-09-14
489,21.4227773930618,-108.521644678544,2011-04-03,2011-05-01
490,-13.1721543056534,105.378270100167,2010-12-15,2011-01-05
491,0.941203613523516,119.81646226776,2011-01-11,2011-01-29
492,-16.5050022519067,-21.4029865211553,2010-11-25,2010-11-28
493,44.3870774985427,-140.313164198133,2010-12-01,2010-12-07
494,13.1348333200795,119.101429352261,2010-12-25,2011-01-19
495,44.5980135664017,-98.8001195045191,2010-10-01,2010-10-02
496,18.7598995835391,-84.4636000957383,2010-10-09,2010-11-02
497,35.9459074000342,151.766689162192,2010-08-19,2010-08-29
498,58.2855087893196,91.2064508212983,2011-03-01,2011-03-27
499,-1.06868204431261,-106.177395158575,2010-12-01,2010-12-20
500,32.9949242588645,-33.7733624248871,2010-08-23,2010-09-01
501,11.024715369111,-34.4731759063248,2011-03-19,2011-04-17
502,52.8744413852939,48.6223712274279,2011-03-21,2011-03-29
503,23.1971525927925,-117.165202725434,2010-06-19,2010-07-18
504,33.364925659733,151.307400677057,2010-12-29,2010-12-29
505,13.2603251432957,151.107031741469,2010-12-03,2010-12-08
506,-8.96130103127405,-124.891270885503,2011-01-22,2011-01-24
507,-12.6191517505342,-78.7140762637592,2010-05-07,2010-05-31
508,-19.8803857792556,118.706668150962,2010-08-12,2010-08-15
509,0.348853966010932,52.3254899342427,2010-08-17,2010-09-11
510,40.1508911830173,-79.9786178904206,2011-03-25,2011-03-31
511,-15.4927154427511,-92.5133366057392,2010-11-04,2010-11-28
512,42.7036816571953,-60.8254978144371,2010-05-20,2010-06-08
513,46.3980651786133,-12.5539569490765,2011-02-28,2011-03-01
514,22.0531462802934,60.0156559641901,2010-08-03,2010-08-23
515,14.8271300523322,-138.005717305867,2010-12-28,2011-01-04
516,47.5498359941575,-159.085989722427,2010-10-28,2010-11-16
517,49.0708506326887,99.6792276935395,2010-10-14,2010-11-12
518,56.1071541680008,-9.825580406559,2010-06-19,2010-07-05
519,44.1447730689443,28.5101528699198,2011-04-03,2011-04-18
520,8.63752572124989,-123.67959721425,2010-09-12,2010-10-05
521,-26.9436430279676,-158.480004278968,2011-03-24,2011-04-20
522,52.415492918504,13.1934690610481,2010-10-18,2010-11-14
523,54.144193062636,72.30831298753,2010-06-29,2010-07-19
524,45.2334469576673,-149.920513467086,2010-09-26,2010-10-15
525,-19.72204461316,-108.245344588706,2010-11-30,2010-12-05
526,-1.9984192323643,-156.462421318474,2010-10-14,2010-11-10
527,7.98798712689256,-50.8784719959205,2010-04-23,2010-04-27
528,26.3705864390229,-77.4097956329678,2010-05-03,2010-05-12
529,53.2481735330971,82.1084280637402,2010-11-07,2010-11-26
530,-8.3531941350716,57.9710590795819,2010-08-31,2010-09-10
531,-2.21263298279284,172.783715288953,2010-04-23,2010-04-26
532,21.2623671502368,102.037620893957,2011-02-19,2011-02-23
533,11.0268518293658,84.9715957888474,2010-07-23,2010-08-20
534,11.3642488861282,-33.5336006906307,2010-05-21,2010-06-08
535,36.4427734674545,154.406290403947,2010-09-27,2010-10-10
536,37.0817217752433,58.5267961666948,2010-09-19,2010-09-24
537,59.3938036787726,1.44613113358739,2010-07-17,2010-08-15
538,17.3365213368246,25.5566538714085,2010-07-29,2010-07-30
539,48.5810635960773,35.4366488620551,2010-08-13,2010-08-21
540,-15.6260915914336,-128.853244295191,2010-12-01,2010-12-03
541,13.0707107806537,53.028514700655,2011-01-17,2011-01-27
542,-25.6532916916824,153.747638466899,2010-11-25,2010-12-23
543,-14.6591295392426,22.4508794159278,2010-10-17,2010-11-09
544,-2.96575769544432,-91.6006755915218,2010-07-14,2010-08-06
545,34.0172307512584,120.315711868983,2011-04-02,2011-04-13
546,-21.3609466154431,-69.4905059679877,2010-10-07,2010-10-17
547,-29.6394705654183,43.4211349994276,2010-06-21,2010-07-02
548,-22.6207152656235,-4.74984017928364,2011-02-23,2011-03-21
549,39.9003070574108,-8.04713822755488,2010-12-06,2010-12-28
550,55.5456850130843,-29.8516949170278,2010-09-21,2010-10-17
551,58.0084618313291,-113.449082477834,2011-03-12,2011-03-21
552,10.1922770128977,-10.8943913844157,2011-02-04,2011-02-14
553,12.8722359786285,-24.3851023173455,2011-01-05,2011-01-13
554,36.4297248552301,42.0030532954969,2010-11-15,2010-11-18
555,41.4065560578123,8.59178797580489,2010-10-24,2010-11-01
556,44.6699714417431,148.696929096337,2011-01-26,2011-02-04
557,48.5023573566728,-159.335291070247,2010-12-27,2011-01-18
558,14.0426557283685,-42.3126327167508,2010-11-24,2010-12-10
559,32.5025686713124,131.621674421738,2010-08-03,2010-08-20
560,15.8574350835324,122.713077772831,2010-05-25,2010-06-16
561,-2.38581898493154,-59.9232967767737,2010-06-10,2010-06-28
562,35.9485353654181,87.6586271908449,2010-09-20,2010-10-15
563,20.3579929436924,-109.036648501212,2011-02-17,2011-03-02
564,-10.4748801578065,101.753600337163,2011-02-12,2011-02-20
565,56.8833033926743,69.4080413223878,2010-08-20,2010-08-21
566,10.3315203120091,125.403958943425,2010-05-25,2010-05-29
567,2.63205319956935,-86.0492513793043,2010-11-11,2010-11-19
568,-11.4916682463532,-129.278026854548,2010-09-14,2010-09-20
569,11.6515134052003,97.826965358223,2010-11-28,2010-12-07
570,10.6048857775183,-35.4233470172098,2011-03-12,2011-03-27
571,38.8600790125814,-1.15065835508977,2010-04-22,2010-04-24
572,7.86975297559881,115.533073624959,2010-08-24,2010-09-16
573,-1.75015443539813,-92.0227978189371,2011-01-18,2011-02-01
574,-11.053052926709,-23.2247063436601,2010-10-31,2010-11-03
575,-10.8161672682866,82.443209079217,2010-10-22,2010-11-20
576,10.1496417659237,161.119283068971,2010-07-05,2010-07-19
577,-24.80259324199,-117.14629961036,2010-07-11,2010-08-04
578,42.1524309169196,57.0197464855083,2011-03-25,2011-04-12
579,22.4998289763098,-129.081478672021,2010-09-26,2010-09-28
580,57.459673548334,130.560512249131,2010-11-09,2010-11-28
581,48.8828491497886,-52.2641040256705,2010-10-05,2010-10-11
582,-25.9406097551694,-18.3879034774654,2010-11-10,2010-12-08
583,26.3407424430223,-104.091693369419,2011-03-16,2011-03-28
584,26.4972002039121,126.714938712784,2010-10-01,2010-10-05
585,3.93229766034096,115.35863047847,2010-07-18,2010-07-18
586,-29.2959718214267,44.6764729329394,2011-02-04,2011-02-04
587,54.8872635313312,142.650733187981,2010-09-30,2010-10-08
588,41.3711792755016,-145.896769944006,2011-02-23,2011-03-04
589,12.1509253752844,-155.958180133819,2010-09-08,2010-09-09
590,-22.7785455337485,-83.2219298267336,2011-02-20,2011-03-06
591,41.96534712043,-77.2047018599922,2010-07-09,2010-08-06
592,9.92365453943331,18.1399726980818,2010-05-22,2010-06-15
593,10.5182053039701,30.6071311720592,2010-09-07,2010-09-17
594,40.2610592202212,150.905020789908,2010-09-28,2010-10-25
595,58.9224679592405,-74.7628550399573,2010-06-07,2010-06-24
596,44.63686949747,-42.6515097948373,2010-08-20,2010-08-23
597,-26.2078031860259,-61.9864706016631,2010-10-12,2010-10-31
598,-5.12869359775408,-18.6883232181946,2010-08-09,2010-08-24
599,10.0334648848217,173.407905440559,2010-12-06,2010-12-10
600,28.9068004804943,61.4057488788368,2010-07-07,2010-07-10
601,18.2566798734516,146.498665301207,2010-07-19,2010-07-22
602,25.4514392671176,-138.706344163835,2011-02-26,2011-03-27
603,-12.4092378726695,108.749874104046,2010-06-16,2010-07-02
604,12.6725071699191,93.0295830699697,2010-04-30,2010-05-15
605,-27.9370693734445,98.5481473604445,2011-01-10,2011-01-10
606,11.704658237398,-158.736707286899,2010-05-16,2010-06-11
607,-3.61880919070122,-12.6290213083679,2010-06-16,2010-07-14
608,23.1059309639203,169.82048956703,2010-11-28,2010-12-20
609,8.81695026158543,-155.90862749472,2010-06-29,2010-07-17
610,18.0512989392632,43.5395391061816,2011-02-03,2011-03-02
611,-13.6096966283723,-109.873394304792,2010-12-25,2010-12-25
612,29.8680990929701,172.437040509178,2010-07-19,2010-08-17
613,40.9088917279147,121.397654397781,2010-10-02,2010-10-03
614,-24.4893444905823,-22.0264116076101,2011-03-10,2011-04-06
615,-13.2561561451573,176.556143575286,2010-05-13,2010-06-04
616,31.3516260614337,77.9615742740952,2010-05-26,2010-06-13
617,0.469443832542936,-113.565938924759,2010-05-11,2010-06-03
618,1.32439612429967,142.249439902759,2010-08-22,2010-08-28
619,36.2293602528021,-105.518406784752,2011-02-12,2011-03-06
620,22.6715741769077,109.023005745638,2010-06-12,2010-07-03
621,-14.7201443051011,172.716541804069,2011-02-23,2011-03-13
622,58.0406851763232,-48.5294090342175,2011-02-21,2011-02-24
623,46.9457161019544,12.8506557644776,2011-02-21,2011-02-23
624,8.65375956412864,127.994972729423,2010-12-30,2011-01-04
625,0.466221924106851,-15.1828316380297,2010-07-02,2010-07-09
626,8.20168383786889,-39.9679736137826,2011-03-09,2011-04-05
627,14.0124838391597,56.5241276907762,2010-08-14,2010-08-27
628,5.59594462232008,-157.789535143783,2010-05-14,2010-05-28
629,-5.86496742492801,98.7327996564593,2011-02-13,2011-02-28
630,-1.612420583931,108.235280478876,2010-04-23,2010-04-26
631,25.6062382245708,-94.5120206066687,2011-02-09,2011-03-01
632,-27.4439012629229,-106.590646052781,2010-10-09,2010-10-20
633,0.877334400409275,20.9777470835186,2010-08-13,2010-09-10
634,-16.9275184310967,112.750693371633,2011-01-01,2011-01-19
635,33.2074282644883,91.8512409512573,2010-06-23,2010-07-14
636,-10.162367769426,-26.1948323960977,2010-05-02,2010-05-27
637,4.26021411167467,94.1410773983771,2010-08-09,2010-08-18
638,-16.8421200347203,13.8925783495973,2010-07-13,2010-07-17
639,54.8330343425009,3.43344424517656,2010-07-19,2010-08-03
640,36.7170100778129,-138.127732999463,2010-11-17,2010-11-17
641,-17.1720440432779,-110.673711418899,2010-08-13,2010-09-09
642,15.9816465278467,-101.513779310277,2010-05-15,2010-05-30
643,0.431947180143816,114.370794083326,2011-03-02,2011-03-24
644,-18.1035093938037,109.240718540369,2011-02-26,2011-03-17
645,14.490111371713,85.3182273678286,2011-03-24,2011-04-05
646,-23.1665055291643,45.5881347574777,2010-10-18,2010-11-10
647,19.0269629047116,-169.461051833406,2010-12-03,2010-12-27
648,59.2671610793033,173.904962379458,2011-03-19,2011-04-15
649,20.2073569801497,-120.012841305411,2010-05-01,2010-05-08
650,-2.63657031318116,108.981653030105,2010-10-01,2010-10-29
651,52.5169280088081,-147.509187900382,2010-07-15,2010-07-17
652,57.2015283546537,-138.308178462085,2011-04-10,2011-04-18
653,-24.784222888991,-131.459531369853,2010-11-22,2010-12-21
654,17.5153892209473,-84.3252595795746,2010-09-30,2010-10-10
655,53.9455072353275,-157.034396403987,2011-02-11,2011-02-21
656,1.22705325748669,-107.82809707387,2011-04-03,2011-04-07
657,-9.68472194386625,-13.8960774360523,2010-09-16,2010-10-07
658,29.8554601716783,44.0118478357834,2010-09-20,2010-10-04
659,-18.8513686360228,155.65308355666,2011-04-13,2011-05-04
660,2.12783687932551,36.4132669815969,2010-05-15,2010-05-25
661,10.3765895260972,-159.480145581062,2010-10-25,2010-11-15
662,16.1603806209769,170.519065772707,2011-02-07,2011-02-23
663,44.4547916553586,-55.2792219392456,2011-04-02,2011-04-19
664,54.6327608834601,-3.28905690098949,2011-01-30,2011-02-02
665,0.111345310226444,122.137847336453,2010-07-04,2010-07-27
666,13.9488191439188,5.86726827991322,2010-10-28,2010-11-26
667,4.59259649022385,24.8789586062026,2011-03-18,2011-03-26
668,5.80828456396967,139.369036316693,2011-02-26,2011-03-17
669,-19.3883213830211,79.7700287097812,2010-10-08,2010-10-20
670,-26.2754029667319,100.166771262599,2010-12-07,2010-12-30
671,6.68104520900729,-126.273264827175,2010-07-30,2010-08-13
672,-3.54891460276004,116.266394026982,2011-02-27,2011-02-27
673,41.0947421681774,-49.7917957716743,2010-07-31,2010-08-22
674,31.2386198697103,-126.849227197533,2010-07-14,2010-07-21
675,-16.4263983053082,-3.16415570989193,2011-01-25,2011-01-28
676,42.1234215756825,163.342692983178,2010-07-09,2010-08-06
677,-24.8602296892308,67.1342158007051,2010-10-14,2010-11-03
678,51.4319567164424,14.527573764878,2010-11-23,2010-12-14
679,34.6227860829282,39.2683927181265,2010-05-05,2010-05-26
680,-6.44332563614689,-98.5865565226476,2010-06-03,2010-06-13
681,-3.11605155507975,-34.9754813571024,2011-01-10,2011-02-01
682,40.2863091975566,134.031699892755,2011-04-10,2011-05-09
683,47.0880752049733,110.764914836288,2011-03-02,2011-03-09
684,27.2021891411435,135.25255059291,2011-02-18,2011-03-11
685,-12.3620672542697,-107.321964806453,2010-12-22,2011-01-17
686,15.7740431331199,147.409013378574,2010-09-06,2010-09-26
687,-27.451129530052,-167.915416809913,2010-08-14,2010-09-12
688,47.9157651100106,-113.812375373028,2011-02-27,2011-03-28
689,38.2503003869349,174.635733490624,2010-10-24,2010-10-25
690,-21.205190766023,-124.801748475821,2011-02-14,2011-03-07
691,57.3669226310484,-53.3414010708535,2010-11-01,2010-11-03
692,22.9050497017291,104.481776861217,2010-12-11,2010-12-27
693,-2.04862153500838,30.8510799378436,2010-08-08,2010-08-24
694,9.7356900148918,-167.191145265633,2010-11-08,2010-12-01
695,17.3485743839499,160.203096011979,2011-01-07,2011-01-29
696,53.0049105041382,37.6480210215044,2010-06-24,2010-07-09
697,-4.33046926785073,-67.5424952818954,2010-09-04,2010-09-10
698,-22.4294941035949,175.585106699793,2011-01-05,2011-01-31
699,49.3826426519827,3.19964135077646,2010-08-18,2010-08-25
700,59.7691616172448,-80.3651135581835,2010-12-13,2011-01-08
701,30.7199508269763,66.5298348721644,2011-01-30,2011-02-23
702,-4.48566745795513,72.6427828351766,2010-12-14,2010-12-24
703,-25.0425156683582,-134.814239684487,2010-07-09,2010-08-06
704,4.45892757500148,-143.47460507029,2011-01-30,2011-02-07
705,50.161148700245,57.9620922009431,2011-04-12,2011-04-21
706,-5.00232367531654,149.668124226343,2010-12-22,2011-01-16
707,-5.34787140080172,-132.698526977037,2011-03-30,2011-04-03
708,17.5949675156499,-5.73758937789401,2010-06-07,2010-06-28
709,56.7384133632531,-20.5831106453892,2010-08-20,2010-09-09
710,2.9602890188619,-174.195305938189,2010-08-06,2010-09-04
711,22.4541603442856,54.5403913683367,2010-11-16,2010-12-01
712,-10.6983658052985,14.4428143536611,2011-02-12,2011-03-04
713,-2.48375005848157,-178.616302405723,2010-06-18,2010-07-06
714,40.6521052904168,-112.256909670426,2010-09-15,2010-09-29
715,-7.11472397610493,-12.6283502091608,2010-07-21,2010-08-05
716,22.925946044665,-17.493667514404,2010-11-18,2010-12-01
717,10.0326644133267,114.223366385667,2010-08-19,2010-09-17
718,-8.97100564555241,106.813453395012,2010-07-13,2010-08-04
719,-0.774071469951078,-129.081683535318,2010-05-31,2010-06-24
720,41.2171798285681,-152.596592645349,2010-05-02,2010-05-10
721,47.183931798544,-171.048118287103,2011-02-16,2011-02-24
722,-15.9884803106217,15.4131638692666,2011-02-03,2011-02-08
723,49.9108400729317,172.45478377045,2010-06-28,2010-07-05
724,9.84030396166052,150.064501921431,2010-09-10,2010-10-03
725,39.2965894032753,-136.167121481264,2010-06-17,2010-07-16
726,39.3938062048428,-148.566750232413,2010-07-05,2010-07-15
727,41.258524785951,-115.878830205619,2011-03-25,2011-03-26
728,18.0480076690112,-116.04432701974,2010-05-12,2010-05-31
729,10.0982651071978,-171.83226270618,2010-05-03,2010-05-28
730,8.52909972670111,123.559149431505,2010-07-22,2010-08-03
731,-6.13444046899948,-6.97527488756572,2010-06-02,2010-06-21
732,-20.003941775244,82.5405337607151,2011-03-03,2011-03-08
733,-20.7775295541195,170.741590173882,2010-06-24,2010-06-28
734,50.7713692927964,32.5751627701751,2010-05-13,2010-05-29
735,28.3848215923845,-111.894166185495,2010-06-16,2010-07-11
736,-5.871970826447,88.8512217057714,2010-04-25,2010-05-21
737,35.2370455717442,76.8074686666424,2010-12-29,2011-01-20
738,27.8408481428789,-116.378735452662,2010-12-25,2010-12-31
739,57.6994961174082,-18.732968538963,2010-12-23,2011-01-08
740,1.09505994334942,105.395761586007,2010-07-05,2010-07-10
741,41.6074225059633,62.1988924214145,2010-07-29,2010-08-15
742,48.8432036680764,-103.260970793479,2010-04-21,2010-05-15
743,59.1613387382278,170.821643210459,2011-02-11,2011-02-28
744,3.72179411261039,85.3357609038478,2010-08-10,2010-09-05
745,22.2065978643172,-110.248757953021,2010-05-17,2010-06-07
746,33.8512181142462,-102.004772319815,2010-09-15,2010-10-07
747,4.64343773987953,-38.0543738248119,2010-07-10,2010-07-27
748,9.54628600653152,151.219366228381,2010-07-20,2010-08-18
749,46.2079725263517,127.995779584519,2011-02-05,2011-02-10
750,12.6179114237938,-54.8590304282353,2010-10-31,2010-11-28
751,39.1038844560842,-128.676857384454,2010-09-23,2010-10-18
752,-2.04337269114324,-157.39688256421,2010-12-16,2010-12-25
753,-2.75326153561724,-98.6685219557504,2010-09-19,2010-09-28
754,7.96743168270634,-152.454550003077,2010-12-21,2010-12-22
755,-12.0196958186248,-154.472379552308,2010-06-21,2010-06-25
756,40.1439504090196,42.8550265075738,2010-08-12,2010-09-03
757,5.95382223444238,-24.3011828079113,2011-01-26,2011-02-20
758,53.6844634043274,119.132215091888,2011-02-23,2011-03-15
759,18.1180148567954,5.36370689095574,2011-03-21,2011-04-02
760,51.2935052108327,44.4024171861624,2010-11-12,2010-11-23
761,28.0863129092949,4.49815188785087,2010-05-04,2010-05-08
762,-4.35829228493052,19.9029815162508,2011-02-22,2011-03-03
763,-1.60835353369166,-110.913799508078,2010-05-19,2010-05-28
764,51.0826915863416,-89.957511284273,2010-07-20,2010-08-16
765,-1.22555955012674,60.5615232185303,2010-05-25,2010-06-20
766,38.8113512400131,55.1240017351635,2010-07-04,2010-07-18
767,-29.4106372528776,-64.1251418080172,2010-04-23,2010-05-07
768,-4.52872770751738,-138.184278695446,2010-12-12,2010-12-20
769,25.8185325651388,140.576724681036,2011-03-26,2011-04-19
770,32.876287995951,-94.1179016412782,2011-01-28,2011-02-21
771,23.4962549799902,-162.453960847003,2010-05-07,2010-05-27
772,43.66233483865,176.47121630662,2010-12-26,2011-01-04
773,-13.572694272912,1.67835913669327,2010-06-06,2010-07-02
774,-25.6610075744404,64.3310002774033,2011-03-13,2011-04-07
775,-14.3295416464175,31.5952639884682,2011-03-21,2011-04-08
776,-0.393916541089816,57.7405894624207,2011-03-14,2011-04-05
777,19.3809616110842,50.332234230443,2011-02-21,2011-03-12
778,26.8474905369504,86.2524935921758,2010-12-31,2011-01-25
779,29.8897196158578,-12.6875575416366,2010-05-15,2010-05-18
780,-8.74822923022377,136.657896355431,2010-09-15,2010-10-07
781,47.0987161725577,85.7946946956537,2010-08-05,2010-08-07
782,-29.2704315750875,-152.675267315186,2010-04-22,2010-05-12
783,56.4621347874146,-82.6914022370737,2010-05-24,2010-05-25
784,-26.8294529932066,-153.249359911512,2011-02-20,2011-03-06
785,39.3498161597617,-11.4533925076952,2011-02-16,2011-03-17
786,-23.0033844043737,88.6122318884433,2010-06-26,2010-07-09
787,32.2435172139603,-101.235671299804,2011-03-02,2011-03-27
788,42.4306937371194,143.250122526002,2011-02-25,2011-02-25
789,-21.9167145386394,61.2691769944554,2011-01-10,2011-01-22
790,-10.6163723066456,64.9962509892551,2010-10-08,2010-10-13
791,42.2081459835339,-111.523547642948,2010-05-23,2010-06-11
792,57.228251536255,-129.284213554151,2010-12-30,2011-01-19
793,4.52893812088634,-156.690936345086,2010-08-11,2010-08-13
794,-26.6496278328525,159.942158668239,2010-08-09,2010-08-19
795,40.5251624537598,134.100586299994,2011-04-06,2011-04-30
796,41.2176655449919,67.7621825660611,2011-04-08,2011-04-18
797,47.2807398465089,-71.2023436702193,2010-11-08,2010-12-05
798,-4.17283541864595,158.62194749353,2010-08-17,2010-08-27
799,27.6655222878006,-103.005863725458,2010-06-10,2010-06-13
800,23.0720666758299,38.9172225092298,2010-04-21,2010-04-29
801,-3.07785960008516,-76.6841264846244,2011-02-27,2011-03-10
802,-28.1985943340389,83.0026817920919,2010-07-23,2010-08-12
803,-19.547680705845,-46.0585699029597,2010-08-08,2010-08-15
804,1.56415096623345,105.635493027387,2010-08-11,2010-09-05
805,54.0250836949081,-172.112559711619,2010-06-28,2010-07-01
806,-11.9298331034938,171.359437707152,2011-03-19,2011-03-29
807,-27.3769822523721,114.61134858926,2011-04-10,2011-05-05
808,34.8477017639845,9.84898987470325,2010-09-29,2010-10-06
809,6.77364773962984,-14.5154312702249,2011-01-17,2011-02-13
810,32.588395182081,-14.7736681725542,2010-05-03,2010-05-05
811,31.3112425198949,-152.166501507878,2010-10-20,2010-10-27
812,-0.572835095555945,89.5354731913375,2010-12-16,2011-01-11
813,21.8780834451016,-27.8352467122151,2010-06-22,2010-06-26
814,-25.0452379634201,-108.205918325392,2010-08-16,2010-09-11
815,50.9808674060291,99.3730851251564,2010-11-09,2010-11-29
816,28.340663869563,114.188412414582,2010-09-20,2010-10-13
817,-0.827029257676053,172.236646500323,2011-03-12,2011-04-09
818,37.6831686435582,-135.494292764823,2010-09-29,2010-10-01
819,-16.5925533013475,148.658507859972,2010-05-24,2010-06-04
820,6.4562485241462,-63.0234075876601,2011-03-01,2011-03-13
821,47.6506508127859,8.67704671454615,2011-02-25,2011-03-21
822,47.661953109115,-160.150906119727,2010-05-16,2010-06-01
823,-5.99688947073273,118.80610808951,2010-07-29,2010-08-25
824,8.37437220089043,-157.707355890526,2011-01-08,2011-01-28
825,46.8056461509157,169.594090684837,2011-01-05,2011-01-18
826,-19.4484383575422,58.3410580890524,2011-03-02,2011-03-06
827,15.5027298020976,172.438789621201,2010-07-19,2010-08-01
828,7.47496834080513,-118.644623507004,2010-07-23,2010-08-08
829,-10.1880181915723,-92.731270848264,2010-09-29,2010-10-13
830,21.3813479138084,38.3906995585234,2011-02-12,2011-03-12
831,0.437556659864271,147.510335295613,2010-11-02,2010-11-30
832,-2.29074839532998,-142.549822779651,2010-10-19,2010-11-03
833,38.6336798622428,-70.0109233353018,2010-07-16,2010-07-27
834,56.6012745638035,24.976657708296,2011-03-23,2011-04-20
835,-4.95332679898877,47.117201964311,2010-05-26,2010-05-29
836,-10.8912236026368,-14.4547634942496,2011-01-15,2011-01-16
837,58.3363655750114,-136.269242636682,2011-03-03,2011-03-17
838,10.9784119727736,171.154926606269,2010-08-24,2010-09-04
839,13.0971576115945,128.645095885216,2011-03-05,2011-03-14
840,45.6353604305503,-160.603060813542,2010-11-06,2010-11-17
841,-23.8770978247681,-80.4925854156521,2011-03-27,2011-04-06
842,-26.0404609889544,-94.3922826265475,2011-03-12,2011-03-18
843,-7.10429644169406,172.578676235197,2010-06-11,2010-06-17
844,29.0687985611591,-139.348804436823,2010-08-26,2010-09-19
845,59.3420307600756,-110.581769202324,2010-05-11,2010-06-04
846,33.7634215271492,73.5704546984564,2010-10-09,2010-11-02
847,19.0327017457654,-156.72496060566,2010-06-21,2010-06-30
848,-3.00404941575827,-96.0036156484254,2010-05-05,2010-06-03
849,13.592478482429,2.40338637753374,2010-09-30,2010-10-28
850,8.98657071651137,134.807409956364,2011-01-04,2011-01-22
851,-12.1608689316946,169.333644150587,2011-04-13,2011-05-08
852,45.0724778180843,142.645957844527,2010-12-09,2010-12-26
853,-6.27508562956776,135.925545614866,2011-03-01,2011-03-20
854,41.8145100113686,-65.0086020125062,2010-12-31,2011-01-04
855,-27.5072906485898,139.851699004956,2010-11-20,2010-11-30
856,0.659031924815267,166.162807381352,2010-06-08,2010-07-02
857,-18.0144852589979,155.979209378127,2010-08-26,2010-09-16
858,3.27234889782245,160.746647756245,2010-10-23,2010-11-17
859,19.9037277540907,-130.194756499633,2010-10-04,2010-10-07
860,-0.476631244889798,-94.3387526354967,2011-04-05,2011-04-10
861,51.7439360489788,-108.940613972995,2010-09-01,2010-09-20
862,11.1440222384744,1.83311901739296,2010-11-01,2010-11-12
863,19.5995502982794,9.58021282005328,2010-08-31,2010-09-29
864,-15.4934420088631,55.8851355793439,2010-05-17,2010-06-14
865,16.4801012984741,83.2744714489448,2010-05-29,2010-06-03
866,-8.49850377500515,-174.772951745461,2011-04-05,2011-04-05
867,23.310068943063,-10.286725397697,2010-09-26,2010-09-26
868,42.976633546399,87.565958037707,2010-11-07,2010-11-29
869,4.25370738582353,-79.6031248825461,2010-11-04,2010-11-14
870,24.1846201213077,-177.370702918145,2010-08-10,2010-08-23
871,51.0033910436158,-131.719828805677,2010-08-20,2010-09-12
872,9.66917538016601,-63.72369030579,2010-08-01,2010-08-20
873,-0.634963441984116,-136.898019731305,2011-02-01,2011-02-11
874,-0.00121707469720178,164.639217343338,2011-03-08,2011-04-04
875,51.8631392266688,-109.179715592304,2010-11-12,2010-12-04
876,49.3860108090152,84.7715487160705,2010-08-22,2010-09-17
877,51.528334566214,96.589888227067,2011-03-18,2011-03-25
878,36.7231692219892,6.15812767333512,2011-02-11,2011-03-08
879,30.4416922635851,-34.3625396833581,2010-12-09,2010-12-28
880,55.4920230499242,-91.0464561598677,2010-12-12,2010-12-22
881,15.2795965478311,-28.3261153290292,2010-10-22,2010-11-09
882,29.4795718117338,-34.0691452146284,2010-11-04,2010-11-13
883,49.1858030432218,96.1274246307664,2010-09-18,2010-10-10
884,-1.86389517483721,75.1963485046352,2011-03-24,2011-04-01
885,-17.810120589963,64.814628947325,2011-04-14,2011-04-26
886,-4.84767201404124,-153.771729402065,2011-01-20,2011-01-30
887,22.5093444654236,-3.58118130618391,2010-11-29,2010-11-30
888,-29.5962905443882,-149.469518614782,2011-01-12,2011-01-12
889,41.4605307496547,153.695640458029,2010-11-25,2010-12-22
890,52.8864271290582,2.43539121438573,2010-06-03,2010-06-22
891,-18.1737936817607,-135.047078258549,2010-11-29,2010-11-29
892,32.9191581378041,-92.6773992603634,2010-10-13,2010-11-09
893,52.8591878820479,91.7685583564253,2010-11-29,2010-12-12
894,18.799481706986,171.08030909651,2011-03-20,2011-04-06
895,52.2778702780605,-86.2954300893501,2011-03-17,2011-04-12
896,49.3593657688928,-129.863611102103,2010-07-09,2010-07-09
897,-15.5483465545478,13.5236871414332,2011-01-07,2011-01-22
898,35.3684243994596,83.6910303678235,2010-05-02,2010-05-18
899,-13.0193767369262,52.4772019203596,2010-06-10,2010-07-02
900,-11.6809715110047,81.8602485994081,2010-07-26,2010-08-10
901,11.9626991522992,167.27530468486,2010-12-25,2011-01-05
902,-20.4232869089857,-84.4308583382349,2010-07-12,2010-07-16
903,2.15198777748056,-54.4152182886891,2010-07-02,2010-07-14
904,56.902762862813,-60.349009738353,2010-12-24,2011-01-03
905,-25.4300687347003,-144.326547651957,2011-02-13,2011-02-23
906,38.1695518149721,-146.11278918344,2010-07-21,2010-08-11
907,-7.09707820694078,-2.83824759863433,2010-11-29,2010-12-08
908,50.128477140049,-113.460373805054,2010-05-05,2010-06-02
909,-12.1465539900036,-162.151670258707,2011-03-06,2011-03-10
910,-2.71510513821547,-140.39102437647,2010-06-06,2010-06-12
911,-28.2278456920278,-86.8846300833619,2010-11-11,2010-11-28
912,44.723933780272,-121.169983517064,2011-02-19,2011-02-21
913,-12.8877274462428,132.273155389598,2010-08-22,2010-08-25
914,51.8295748825662,-131.580574302148,2010-08-11,2010-08-17
915,44.5840226570746,57.7393321096276,2011-02-14,2011-02-20
916,51.9342155730917,59.6550302029565,2011-01-24,2011-02-07
917,37.8842138126264,140.166299819301,2011-02-07,2011-02-16
918,1.15925811860449,116.060273183436,2010-06-12,2010-06-22
919,47.7600512042559,89.8135462849687,2011-04-01,2011-04-11
920,42.6992114143281,-179.774879750816,2010-12-29,2010-12-29
921,10.9021259239859,126.049480927583,2010-08-01,2010-08-04
922,-19.46630379436,-99.1751805446255,2011-02-24,2011-03-04
923,-24.0321570688011,92.5303261823976,2010-11-11,2010-12-06
924,50.3307477218553,115.447307733351,2011-03-26,2011-04-15
925,-12.8589472453401,165.735177712198,2010-09-28,2010-10-12
926,19.9378782553017,71.8588775875868,2010-10-20,2010-10-21
927,23.3959345446291,133.281962017731,2010-11-20,2010-12-03
928,12.4230817779359,-29.6400253480139,2011-01-26,2011-02-18
929,56.3822418973495,145.304321398143,2010-09-01,2010-09-14
930,8.94485181230525,-160.859818766201,2010-08-27,2010-09-05
931,-5.44763396516392,105.32987783216,2011-01-14,2011-01-27
932,-7.78361233711341,-145.156809316295,2010-09-06,2010-09-16
933,14.9651877704712,128.990081664996,2011-01-02,2011-01-16
934,55.578028980283,168.237278337385,2010-11-10,2010-11-17
935,-12.9761788714185,20.1914248211055,2011-02-10,2011-02-27
936,31.3066377918281,-144.072039349101,2011-01-19,2011-02-13
937,-9.18865175537456,51.3043802491704,2010-09-04,2010-09-29
938,51.4253050408856,-92.2034558399027,2010-10-08,2010-10-19
939,-21.456062199309,-152.121911831668,2011-01-22,2011-01-22
940,31.5311288990685,-64.2591230458971,2010-11-07,2010-11-25
941,-3.10068157506476,-149.689435105208,2011-02-05,2011-02-18
942,46.2202048040632,135.891070805041,2010-10-10,2010-10-22
943,11.706257528207,-9.10324664238928,2010-12-16,2011-01-11
944,-0.791195121935303,-19.7110409927191,2010-07-31,2010-08-06
945,-19.6942891072229,-172.083685512942,2010-10-13,2010-11-11
946,46.3671312744198,-108.134086154438,2010-10-26,2010-11-14
947,-18.6995793319731,86.9363805288365,2010-05-29,2010-06-09
948,48.5791329544755,-101.733367516982,2010-10-08,2010-10-23
949,53.7703523039573,-127.442701899901,2010-11-29,2010-12-03
950,3.89493003580385,162.563271035277,2010-06-03,2010-06-14
951,18.595450799388,-153.796423241138,2010-09-02,2010-09-29
952,58.4178460583915,165.510279222835,2010-12-04,2010-12-09
953,17.3047559951317,-35.8870432670462,2010-12-03,2010-12-15
954,12.3362790254596,-104.060775522834,2010-10-16,2010-11-03
955,-11.2398888127724,129.952667221255,2011-02-06,2011-02-17
956,5.82652786873057,-46.6031028964736,2011-03-16,2011-03-27
957,8.86607034127129,-119.088482111796,2010-06-27,2010-06-27
958,-9.16536585213145,-97.9367853992552,2010-10-28,2010-11-18
959,58.6201739503763,-24.2694679276149,2010-09-28,2010-10-24
960,25.2846089735824,-3.18830918376489,2010-11-23,2010-11-24
961,42.6361406780219,5.02187213744395,2011-03-07,2011-03-18
962,-24.1264035668088,-40.6322212968647,2011-01-25,2011-02-23
963,15.8737599213478,53.1508746871959,2010-12-13,2010-12-26
964,-0.542887902294378,-159.713335215249,2010-07-17,2010-07-22
965,1.9325303285573,22.6211856734251,2011-01-31,2011-02-05
966,-26.0269702375278,167.929099445529,2010-12-17,2010-12-17
967,-17.1075351715565,-52.7000779048007,2011-03-01,2011-03-28
968,43.8316635796585,-125.326380054565,2011-01-19,2011-01-20
969,50.911241645054,-45.6149856351366,2010-07-12,2010-08-05
970,10.792209327619,38.5374819956891,2010-04-29,2010-05-02
971,-29.7827381147557,40.7192354950673,2010-08-14,2010-09-11
972,41.8027153288111,60.7450109350281,2010-07-18,2010-08-02
973,57.499692161785,-44.8095836863003,2010-06-30,2010-07-08
974,-8.84033569525666,173.525561567805,2011-01-22,2011-02-17
975,-19.9685042131058,-25.0910852494398,2011-01-03,2011-01-13
976,-1.83309961068166,-114.31664175505,2010-11-14,2010-11-27
977,-24.500456745976,121.906512055175,2010-09-09,2010-09-18
978,-2.975105918326,-48.8995013457243,2011-04-04,2011-04-28
979,23.6851599711536,110.031983212329,2010-08-09,2010-09-03
980,35.3970235717029,-2.52906013999052,2011-03-09,2011-04-07
981,37.353246013607,-131.812312531489,2011-04-07,2011-05-01
982,51.5401371798282,118.958601010701,2010-05-22,2010-05-25
983,-6.58711003920929,-166.340496011717,2010-11-06,2010-11-24
984,-3.71128409437048,31.0408153908063,2011-04-06,2011-04-09
985,28.8845188432592,-127.323207538432,2010-07-03,2010-07-20
986,10.2288558925561,-86.7248387750875,2010-07-11,2010-07-24
987,-9.84087520900943,-114.577687188423,2010-07-16,2010-08-06
988,-20.5946708088643,45.146522826362,2011-02-25,2011-03-15
989,-28.1957003247822,-103.109980968089,2010-07-14,2010-07-22
990,58.5952268332251,118.303583182073,2010-07-17,2010-08-15
991,22.472923202468,-172.694924358221,2011-01-04,2011-01-14
992,19.9223263544995,173.353856477726,2010-05-06,2010-05-28
993,-1.35920042301377,164.52895325663,2010-12-19,2011-01-09
994,26.9459902315291,123.998193641568,2010-09-20,2010-10-07
995,43.9879107217954,-110.617626105264,2011-01-20,2011-02-16
996,20.3933109439385,-22.9324918906443,2011-02-25,2011-03-16
997,6.80588890769273,151.619049441219,2011-04-06,2011-04-10
998,-23.0862961015848,3.83217221728947,2010-06-18,2010-07-17
999,20.8726863071208,162.701665248157,2010-06-27,2010-07-10
1000,-13.8778881986072,-150.353142245837,2010-05-29,2010-06-12
